{
  "auc_xgb": 0.9750941738541223,
  "best_threshold": 0.014351170568561875,
  "best_cost": 2356.0,
  "precision_at_best": 0.6258992805755396,
  "recall_at_best": 0.8877551020408163,
  "fraud_rate": 0.001727485630620034
}